rank,concept_name,component_count,stock_code,stock_name
1,玻璃纤维指数,8,002080,中材科技
1,玻璃纤维指数,8,002201,九鼎新材
1,玻璃纤维指数,8,300196,长海股份
1,玻璃纤维指数,8,600176,中国巨石
1,玻璃纤维指数,8,600545,卓郎智能
1,玻璃纤维指数,8,603256,宏和科技
1,玻璃纤维指数,8,603601,再升科技
1,玻璃纤维指数,8,605006,山东玻纤
2,培育钻石指数,8,000519,中兵红箭
2,培育钻石指数,8,002046,国机精工
2,培育钻石指数,8,300179,四方达
2,培育钻石指数,8,301071,力量钻石
2,培育钻石指数,8,600172,黄河旋风
2,培育钻石指数,8,605580,恒盛能源
2,培育钻石指数,8,688028,沃尔德
2,培育钻石指数,8,920725,惠丰钻石
3,光模块(CPO)指数,25,000988,华工科技
3,光模块(CPO)指数,25,002281,光迅科技
3,光模块(CPO)指数,25,002384,东山精密
3,光模块(CPO)指数,25,002792,通宇通讯
3,光模块(CPO)指数,25,002897,意华股份
3,光模块(CPO)指数,25,002902,铭普光磁
3,光模块(CPO)指数,25,002957,科瑞技术
3,光模块(CPO)指数,25,002980,华盛昌
3,光模块(CPO)指数,25,300308,中际旭创
3,光模块(CPO)指数,25,300394,天孚通信
3,光模块(CPO)指数,25,300502,新易盛
3,光模块(CPO)指数,25,300548,长芯博创
3,光模块(CPO)指数,25,300570,太辰光
3,光模块(CPO)指数,25,300620,光库科技
3,光模块(CPO)指数,25,300757,罗博特科
3,光模块(CPO)指数,25,300852,四会富仕
3,光模块(CPO)指数,25,301165,锐捷网络
3,光模块(CPO)指数,25,301205,联特科技
3,光模块(CPO)指数,25,600330,天通股份
3,光模块(CPO)指数,25,603083,剑桥科技
3,光模块(CPO)指数,25,688048,长光华芯
3,光模块(CPO)指数,25,688205,德科立
3,光模块(CPO)指数,25,688313,仕佳光子
3,光模块(CPO)指数,25,688498,源杰科技
3,光模块(CPO)指数,25,688808,联讯仪器
4,半导体设备指数,24,000066,中国长城
4,半导体设备指数,24,002008,大族激光
4,半导体设备指数,24,002371,北方华创
4,半导体设备指数,24,002796,世嘉科技
4,半导体设备指数,24,003043,华亚智能
4,半导体设备指数,24,300316,晶盛机电
4,半导体设备指数,24,300604,长川科技
4,半导体设备指数,24,300903,科翔股份
4,半导体设备指数,24,301319,唯特偶
4,半导体设备指数,24,301366,一博科技
4,半导体设备指数,24,600487,亨通光电
4,半导体设备指数,24,603011,合锻智能
4,半导体设备指数,24,603061,金海通
4,半导体设备指数,24,603203,快克智能
4,半导体设备指数,24,603306,华懋科技
4,半导体设备指数,24,603690,至纯科技
4,半导体设备指数,24,688012,中微公司
4,半导体设备指数,24,688037,芯源微
4,半导体设备指数,24,688072,拓荆科技
4,半导体设备指数,24,688112,鼎阳科技
4,半导体设备指数,24,688120,华海清科
4,半导体设备指数,24,688200,华峰测控
4,半导体设备指数,24,688409,富创精密
4,半导体设备指数,24,688630,芯碁微装
5,光通信指数,23,000063,中兴通讯
5,光通信指数,23,000070,特发信息
5,光通信指数,23,000938,紫光股份
5,光通信指数,23,000988,华工科技
5,光通信指数,23,002281,光迅科技
5,光通信指数,23,002396,星网锐捷
5,光通信指数,23,002491,通鼎互联
5,光通信指数,23,002792,通宇通讯
5,光通信指数,23,300308,中际旭创
5,光通信指数,23,300394,天孚通信
5,光通信指数,23,300502,新易盛
5,光通信指数,23,301369,联动科技
5,光通信指数,23,600105,永鼎股份
5,光通信指数,23,600487,亨通光电
5,光通信指数,23,600498,烽火通信
5,光通信指数,23,600522,中天科技
5,光通信指数,23,603118,共进股份
5,光通信指数,23,688478,晶升股份
5,光通信指数,23,688605,先锋精科
5,光通信指数,23,688627,精智达
5,光通信指数,23,688652,京仪装备
5,光通信指数,23,688661,和林微纳
5,光通信指数,23,688729,屹唐股份
6,电路板指数,53,000823,超声电子
6,电路板指数,53,001389,广合科技
6,电路板指数,53,002008,大族激光
6,电路板指数,53,002134,天津普林
6,电路板指数,53,002222,福晶科技
6,电路板指数,53,002384,东山精密
6,电路板指数,53,002436,兴森科技
6,电路板指数,53,002463,沪电股份
6,电路板指数,53,002544,普天科技
6,电路板指数,53,002579,中京电子
6,电路板指数,53,002636,金安国纪
6,电路板指数,53,002741,光华科技
6,电路板指数,53,002815,崇达技术
6,电路板指数,53,002902,铭普光磁
6,电路板指数,53,002913,奥士康
6,电路板指数,53,002916,深南电路
6,电路板指数,53,002938,鹏鼎控股
6,电路板指数,53,300410,正业科技
6,电路板指数,53,300476,胜宏科技
6,电路板指数,53,300537,广信材料
6,电路板指数,53,300548,长芯博创
6,电路板指数,53,300570,太辰光
6,电路板指数,53,300576,容大感光
6,电路板指数,53,300657,弘信电子
6,电路板指数,53,300739,明阳电路
6,电路板指数,53,300814,中富电路
6,电路板指数,53,300852,四会富仕
6,电路板指数,53,300903,科翔股份
6,电路板指数,53,301041,金百泽
6,电路板指数,53,301132,满坤科技
6,电路板指数,53,301176,逸豪新材
6,电路板指数,53,301183,东田微
6,电路板指数,53,301217,铜冠铜箔
6,电路板指数,53,301251,威尔高
6,电路板指数,53,301282,金禄电子
6,电路板指数,53,301366,一博科技
6,电路板指数,53,301486,致尚科技
6,电路板指数,53,301628,强达电路
6,电路板指数,53,600183,生益科技
6,电路板指数,53,600601,方正科技
6,电路板指数,53,601869,长飞光纤
6,电路板指数,53,603083,剑桥科技
6,电路板指数,53,603186,华正新材
6,电路板指数,53,603228,景旺电子
6,电路板指数,53,603328,依顿电子
6,电路板指数,53,603386,骏亚科技
6,电路板指数,53,603803,瑞斯康达
6,电路板指数,53,603920,世运电路
6,电路板指数,53,603936,博敏电子
6,电路板指数,53,605058,澳弘电子
6,电路板指数,53,688183,生益电子
6,电路板指数,53,688313,仕佳光子
6,电路板指数,53,920060,万源通
7,光芯片指数,24,000657,中钨高新
7,光芯片指数,24,001223,欧克科技
7,光芯片指数,24,001359,平安电工
7,光芯片指数,24,002141,贤丰控股
7,光芯片指数,24,002745,木林森
7,光芯片指数,24,300077,国民技术
7,光芯片指数,24,300353,东土科技
7,光芯片指数,24,300394,天孚通信
7,光芯片指数,24,300502,新易盛
7,光芯片指数,24,300548,长芯博创
7,光芯片指数,24,300570,太辰光
7,光芯片指数,24,301021,英诺激光
7,光芯片指数,24,600110,诺德股份
7,光芯片指数,24,600176,中国巨石
7,光芯片指数,24,600198,大唐电信
7,光芯片指数,24,600226,亨通股份
7,光芯片指数,24,600500,中化国际
7,光芯片指数,24,601208,东材科技
7,光芯片指数,24,603011,合锻智能
7,光芯片指数,24,603124,江南新材
7,光芯片指数,24,605589,圣泉集团
7,光芯片指数,24,688020,方邦股份
7,光芯片指数,24,688308,欧科亿
7,光芯片指数,24,688655,迅捷兴
8,存储器指数,17,000021,深科技
8,存储器指数,17,002049,紫光国微
8,存储器指数,17,002185,华天科技
8,存储器指数,17,002384,东山精密
8,存储器指数,17,300042,朗科科技
8,存储器指数,17,300236,上海新阳
8,存储器指数,17,300620,光库科技
8,存储器指数,17,301205,联特科技
8,存储器指数,17,605358,立昂微
8,存储器指数,17,688048,长光华芯
8,存储器指数,17,688153,唯捷创芯
8,存储器指数,17,688259,创耀科技
8,存储器指数,17,688270,ST臻镭
8,存储器指数,17,688313,仕佳光子
8,存储器指数,17,688498,源杰科技
8,存储器指数,17,688653,康希通信
8,存储器指数,17,688808,联讯仪器
9,国家大基金指数,20,000016,*ST康佳A
9,国家大基金指数,20,002049,紫光国微
9,国家大基金指数,20,002298,中电鑫龙
9,国家大基金指数,20,002436,兴森科技
9,国家大基金指数,20,300077,国民技术
9,国家大基金指数,20,300223,北京君正
9,国家大基金指数,20,300302,同有科技
9,国家大基金指数,20,300323,华灿光电
9,国家大基金指数,20,300455,航天智装
9,国家大基金指数,20,300458,全志科技
9,国家大基金指数,20,300474,景嘉微
9,国家大基金指数,20,300857,协创数据
9,国家大基金指数,20,600171,上海贝岭
9,国家大基金指数,20,600667,太极实业
9,国家大基金指数,20,601869,长飞光纤
9,国家大基金指数,20,603019,中科曙光
9,国家大基金指数,20,603986,兆易创新
9,国家大基金指数,20,688008,澜起科技
9,国家大基金指数,20,688123,聚辰股份
9,国家大基金指数,20,688627,精智达
10,稀土指数,9,000859,国风新材
10,稀土指数,9,002409,雅克科技
10,稀土指数,9,002876,三利谱
10,稀土指数,9,002902,铭普光磁
10,稀土指数,9,300221,银禧科技
10,稀土指数,9,600379,宝光股份
10,稀土指数,9,605111,新洁能
10,稀土指数,9,688181,八亿时空
10,稀土指数,9,688766,普冉股份
11,半导体硅片指数,11,000823,超声电子
11,半导体硅片指数,11,002179,中航光电
11,半导体硅片指数,11,002180,奔图科技
11,半导体硅片指数,11,002498,汉缆股份
11,半导体硅片指数,11,300236,上海新阳
11,半导体硅片指数,11,300548,长芯博创
11,半导体硅片指数,11,300666,江丰电子
11,半导体硅片指数,11,600770,综艺股份
11,半导体硅片指数,11,600962,国投中鲁
11,半导体硅片指数,11,688209,英集芯
11,半导体硅片指数,11,688234,天岳先进
11,半导体硅片指数,11,688362,甬矽电子
12,稀有金属精选指数,10,001287,中电港
12,稀有金属精选指数,10,300567,精测电子
12,稀有金属精选指数,10,300786,国林科技
12,稀有金属精选指数,10,600268,国电南自
12,稀有金属精选指数,10,600703,三安光电
12,稀有金属精选指数,10,600745,*ST闻泰
12,稀有金属精选指数,10,688141,杰华特
12,稀有金属精选指数,10,688153,唯捷创芯
12,稀有金属精选指数,10,688258,卓易信息
12,稀有金属精选指数,10,688676,金盘科技
13,工业气体指数,17,002055,ST得润
13,工业气体指数,17,002185,华天科技
13,工业气体指数,17,002384,东山精密
13,工业气体指数,17,002449,国星光电
13,工业气体指数,17,300162,雷曼光电
13,工业气体指数,17,300183,东软载波
13,工业气体指数,17,300316,晶盛机电
13,工业气体指数,17,300455,航天智装
13,工业气体指数,17,300617,安靠智电
13,工业气体指数,17,300852,四会富仕
13,工业气体指数,17,301348,蓝箭电子
13,工业气体指数,17,301369,联动科技
13,工业气体指数,17,600667,太极实业
13,工业气体指数,17,600869,远东股份
13,工业气体指数,17,688008,澜起科技
13,工业气体指数,17,688045,必易微
13,工业气体指数,17,688252,天德钰
14,半导体产业指数,33,000063,中兴通讯
14,半导体产业指数,33,002079,苏州固锝
14,半导体产业指数,33,002130,沃尔核材
14,半导体产业指数,33,002387,维信诺
14,半导体产业指数,33,002428,云南锗业
14,半导体产业指数,33,002465,海格通信
14,半导体产业指数,33,300053,航宇微
14,半导体产业指数,33,300134,大富科技
14,半导体产业指数,33,300215,电科院
14,半导体产业指数,33,300223,北京君正
14,半导体产业指数,33,300252,金信诺
14,半导体产业指数,33,300353,东土科技
14,半导体产业指数,33,300389,艾比森
14,半导体产业指数,33,300410,正业科技
14,半导体产业指数,33,300458,全志科技
14,半导体产业指数,33,300576,容大感光
14,半导体产业指数,33,301021,英诺激光
14,半导体产业指数,33,301308,江波龙
14,半导体产业指数,33,600550,保变电气
14,半导体产业指数,33,601700,风范股份
14,半导体产业指数,33,603078,江化微
14,半导体产业指数,33,603501,豪威集团
14,半导体产业指数,33,605277,新亚电子
14,半导体产业指数,33,605358,立昂微
14,半导体产业指数,33,688012,中微公司
14,半导体产业指数,33,688048,长光华芯
14,半导体产业指数,33,688061,灿瑞科技
14,半导体产业指数,33,688150,莱特光电
14,半导体产业指数,33,688279,峰岹科技
14,半导体产业指数,33,688385,复旦微电
14,半导体产业指数,33,688478,晶升股份
14,半导体产业指数,33,688584,上海合晶
14,半导体产业指数,33,688608,恒玄科技
15,GPU指数,9,002371,北方华创
15,GPU指数,9,002383,合众思壮
15,GPU指数,9,002669,康达新材
15,GPU指数,9,300661,圣邦股份
15,GPU指数,9,301123,奕东电子
15,GPU指数,9,301536,星宸科技
15,GPU指数,9,600460,士兰微
15,GPU指数,9,600517,国网英大
15,GPU指数,9,688126,沪硅产业
16,OLED指数,10,002436,兴森科技
16,OLED指数,10,002795,永和智控
16,OLED指数,10,300393,中来股份
16,OLED指数,10,300537,广信材料
16,OLED指数,10,300776,帝尔激光
16,OLED指数,10,300842,帝科股份
16,OLED指数,10,600206,有研新材
16,OLED指数,10,600732,爱旭股份
16,OLED指数,10,601012,隆基绿能
16,OLED指数,10,603212,赛伍技术
17,模拟芯片指数,10,000050,深天马A
17,模拟芯片指数,10,000063,中兴通讯
17,模拟芯片指数,10,000100,TCL科技
17,模拟芯片指数,10,000725,京东方A
17,模拟芯片指数,10,000823,超声电子
17,模拟芯片指数,10,002384,东山精密
17,模拟芯片指数,10,002655,共达电声
17,模拟芯片指数,10,301021,英诺激光
17,模拟芯片指数,10,688429,时创能源
17,模拟芯片指数,10,688559,海目星
18,晶圆产业指数,10,002106,莱宝高科
18,晶圆产业指数,10,002138,顺络电子
18,晶圆产业指数,10,002199,*ST东晶
18,晶圆产业指数,10,002230,科大讯飞
18,晶圆产业指数,10,002241,歌尔股份
18,晶圆产业指数,10,002273,水晶光电
18,晶圆产业指数,10,002369,卓翼科技
18,晶圆产业指数,10,002407,多氟多
18,晶圆产业指数,10,300868,杰美特
18,晶圆产业指数,10,603327,福蓉科技
19,高速铜连接指数,25,002185,华天科技
19,高速铜连接指数,25,002436,兴森科技
19,高速铜连接指数,25,002456,欧菲光
19,高速铜连接指数,25,002547,*ST春兴
19,高速铜连接指数,25,002594,比亚迪
19,高速铜连接指数,25,002709,天赐材料
19,高速铜连接指数,25,002815,崇达技术
19,高速铜连接指数,25,002845,同兴达
19,高速铜连接指数,25,002916,深南电路
19,高速铜连接指数,25,300037,新宙邦
19,高速铜连接指数,25,300073,当升科技
19,高速铜连接指数,25,300088,长信科技
19,高速铜连接指数,25,300115,长盈精密
19,高速铜连接指数,25,300256,星星科技
19,高速铜连接指数,25,300322,硕贝德
19,高速铜连接指数,25,300328,宜安科技
19,高速铜连接指数,25,300568,星源材质
19,高速铜连接指数,25,300686,智动力
19,高速铜连接指数,25,600130,波导股份
19,高速铜连接指数,25,600884,杉杉股份
19,高速铜连接指数,25,603005,晶方科技
19,高速铜连接指数,25,603228,景旺电子
19,高速铜连接指数,25,603328,依顿电子
19,高速铜连接指数,25,603341,龙旗科技
19,高速铜连接指数,25,688036,传音控股
20,光刻机指数,29,000021,深科技
20,光刻机指数,29,000049,德赛电池
20,光刻机指数,29,002008,大族激光
20,光刻机指数,29,002156,通富微电
20,光刻机指数,29,002387,维信诺
20,光刻机指数,29,002475,立讯精密
20,光刻机指数,29,002600,领益智造
20,光刻机指数,29,002635,安洁科技
20,光刻机指数,29,002881,美格智能
20,光刻机指数,29,002938,鹏鼎控股
20,光刻机指数,29,002993,奥海科技
20,光刻机指数,29,300131,英唐智控
20,光刻机指数,29,300136,信维通信
20,光刻机指数,29,300173,ST福能
20,光刻机指数,29,300207,欣旺达
20,光刻机指数,29,300408,三环集团
20,光刻机指数,29,300433,蓝思科技
20,光刻机指数,29,300545,联得装备
20,光刻机指数,29,300567,精测电子
20,光刻机指数,29,300709,精研科技
20,光刻机指数,29,300735,光弘科技
20,光刻机指数,29,300782,卓胜微
20,光刻机指数,29,600552,凯盛科技
20,光刻机指数,29,600707,彩虹股份
20,光刻机指数,29,600745,*ST闻泰
20,光刻机指数,29,601138,工业富联
20,光刻机指数,29,601360,三六零
20,光刻机指数,29,603626,科森科技
20,光刻机指数,29,603986,兆易创新
21,特高压指数,31,000016,*ST康佳A
21,特高压指数,31,000050,深天马A
21,特高压指数,31,000758,中色股份
21,特高压指数,31,000795,英洛华
21,特高压指数,31,000969,安泰科技
21,特高压指数,31,000970,中科三环
21,特高压指数,31,000988,华工科技
21,特高压指数,31,002057,中钢天源
21,特高压指数,31,002149,西部材料
21,特高压指数,31,002947,恒铭达
21,特高压指数,31,300319,麦捷科技
21,特高压指数,31,300496,中科创达
21,特高压指数,31,300624,万兴科技
21,特高压指数,31,300661,圣邦股份
21,特高压指数,31,300748,金力永磁
21,特高压指数,31,300940,南极光
21,特高压指数,31,301285,鸿日达
21,特高压指数,31,301567,贝隆精密
21,特高压指数,31,600111,北方稀土
21,特高压指数,31,600203,福日电子
21,特高压指数,31,600366,宁波韵升
21,特高压指数,31,600392,盛和资源
21,特高压指数,31,600549,厦门钨业
21,特高压指数,31,600703,三安光电
21,特高压指数,31,601011,宝泰隆
21,特高压指数,31,601231,环旭电子
21,特高压指数,31,603160,汇顶科技
21,特高压指数,31,603203,快克智能
21,特高压指数,31,603296,华勤技术
21,特高压指数,31,688088,虹软科技
21,特高压指数,31,688111,金山办公
22,TOPcon电池指数,7,000657,中钨高新
22,TOPcon电池指数,7,000969,安泰科技
22,TOPcon电池指数,7,300054,鼎龙股份
22,TOPcon电池指数,7,300285,国瓷材料
22,TOPcon电池指数,7,600111,北方稀土
22,TOPcon电池指数,7,600549,厦门钨业
22,TOPcon电池指数,7,600872,中炬高新
23,芯片指数,13,002371,北方华创
23,芯片指数,13,002594,比亚迪
23,芯片指数,13,300224,正海磁材
23,芯片指数,13,300260,新莱应材
23,芯片指数,13,300373,扬杰科技
23,芯片指数,13,600206,有研新材
23,芯片指数,13,603019,中科曙光
23,芯片指数,13,603290,斯达半导
23,芯片指数,13,605358,立昂微
23,芯片指数,13,688187,时代电气
23,芯片指数,13,688396,华润微
23,芯片指数,13,688663,新风光
23,芯片指数,13,688981,中芯国际
24,第三代半导体指数,8,000034,神州数码
24,第三代半导体指数,8,000938,紫光股份
24,第三代半导体指数,8,000977,浪潮信息
24,第三代半导体指数,8,300418,昆仑万维
24,第三代半导体指数,8,601138,工业富联
24,第三代半导体指数,8,603019,中科曙光
24,第三代半导体指数,8,603927,中科软
24,第三代半导体指数,8,688568,中科星图
25,ASIC芯片指数,8,300002,神州泰岳
25,ASIC芯片指数,8,300033,同花顺
25,ASIC芯片指数,8,300364,中文在线
25,ASIC芯片指数,8,300624,万兴科技
25,ASIC芯片指数,8,300766,每日互动
25,ASIC芯片指数,8,300846,首都在线
25,ASIC芯片指数,8,300895,铜牛信息
25,ASIC芯片指数,8,688787,海天瑞声
26,Mini LED指数,7,300033,同花顺
26,Mini LED指数,7,300364,中文在线
26,Mini LED指数,7,300533,冰川网络
26,Mini LED指数,7,300743,天地数码
26,Mini LED指数,7,300846,首都在线
26,Mini LED指数,7,300847,中船汉光
26,Mini LED指数,7,301169,零点有数
27,BC电池指数,10,000988,华工科技
27,BC电池指数,10,002261,拓维信息
27,BC电池指数,10,002415,海康威视
27,BC电池指数,10,002446,盛路通信
27,BC电池指数,10,300025,华星创业
27,BC电池指数,10,300383,光环新网
27,BC电池指数,10,300454,深信服
27,BC电池指数,10,300846,首都在线
27,BC电池指数,10,603019,中科曙光
27,BC电池指数,10,688568,中科星图
28,AI手机指数,57,000021,深科技
28,AI手机指数,57,000050,深天马A
28,AI手机指数,57,000063,中兴通讯
28,AI手机指数,57,000158,常山北明
28,AI手机指数,57,000725,京东方A
28,AI手机指数,57,000917,电广传媒
28,AI手机指数,57,000977,浪潮信息
28,AI手机指数,57,000981,山子高科
28,AI手机指数,57,000988,华工科技
28,AI手机指数,57,002174,游族网络
28,AI手机指数,57,002179,中航光电
28,AI手机指数,57,002199,*ST东晶
28,AI手机指数,57,002213,大为股份
28,AI手机指数,57,002229,鸿博股份
28,AI手机指数,57,002241,歌尔股份
28,AI手机指数,57,002281,光迅科技
28,AI手机指数,57,002352,顺丰控股
28,AI手机指数,57,002373,千方科技
28,AI手机指数,57,002388,新亚制程
28,AI手机指数,57,002415,海康威视
28,AI手机指数,57,002439,启明星辰
28,AI手机指数,57,002463,沪电股份
28,AI手机指数,57,002475,立讯精密
28,AI手机指数,57,002583,海能达
28,AI手机指数,57,002587,奥拓电子
28,AI手机指数,57,002594,比亚迪
28,AI手机指数,57,002654,万润科技
28,AI手机指数,57,002845,同兴达
28,AI手机指数,57,002916,深南电路
28,AI手机指数,57,002920,德赛西威
28,AI手机指数,57,002922,伊戈尔
28,AI手机指数,57,002993,奥海科技
28,AI手机指数,57,300081,ST恒信
28,AI手机指数,57,300113,顺网科技
28,AI手机指数,57,300115,长盈精密
28,AI手机指数,57,300131,英唐智控
28,AI手机指数,57,300134,大富科技
28,AI手机指数,57,300303,聚飞光电
28,AI手机指数,57,300308,中际旭创
28,AI手机指数,57,300366,ST创意
28,AI手机指数,57,300394,天孚通信
28,AI手机指数,57,300433,蓝思科技
28,AI手机指数,57,300475,香农芯创
28,AI手机指数,57,300476,胜宏科技
28,AI手机指数,57,300496,中科创达
28,AI手机指数,57,300541,先进数通
28,AI手机指数,57,300560,中富通
28,AI手机指数,57,300566,激智科技
28,AI手机指数,57,300607,拓斯达
28,AI手机指数,57,300676,华大基因
28,AI手机指数,57,300684,中石科技
28,AI手机指数,57,300709,精研科技
28,AI手机指数,57,600006,东风股份
28,AI手机指数,57,600100,同方股份
28,AI手机指数,57,600183,生益科技
28,AI手机指数,57,600487,亨通光电
28,AI手机指数,57,600699,均胜电子
29,新型显示技术指数,2,601138,工业富联
29,新型显示技术指数,2,603019,中科曙光
30,稀土永磁指数,9,002975,博杰股份
30,稀土永磁指数,9,300811,铂科新材
30,稀土永磁指数,9,301041,金百泽
30,稀土永磁指数,9,603228,景旺电子
30,稀土永磁指数,9,603236,移远通信
30,稀土永磁指数,9,603920,世运电路
30,稀土永磁指数,9,688088,虹软科技
30,稀土永磁指数,9,688112,鼎阳科技
30,稀土永磁指数,9,688661,和林微纳
31,新材料指数,10,001287,中电港
31,新材料指数,10,002138,顺络电子
31,新材料指数,10,002194,武汉凡谷
31,新材料指数,10,002384,东山精密
31,新材料指数,10,002600,领益智造
31,新材料指数,10,600110,诺德股份
31,新材料指数,10,600183,生益科技
31,新材料指数,10,603516,淳中科技
31,新材料指数,10,688486,龙迅股份
31,新材料指数,10,920961,创远信科
32,IGBT指数,11,000988,华工科技
32,IGBT指数,11,002446,盛路通信
32,IGBT指数,11,002547,*ST春兴
32,IGBT指数,11,002792,通宇通讯
32,IGBT指数,11,002796,世嘉科技
32,IGBT指数,11,300134,大富科技
32,IGBT指数,11,300322,硕贝德
32,IGBT指数,11,300371,汇中股份
32,IGBT指数,11,300602,飞荣达
32,IGBT指数,11,300615,欣天科技
32,IGBT指数,11,300782,卓胜微
33,服务器指数,10,000725,京东方A
33,服务器指数,10,002074,国轩高科
33,服务器指数,10,002229,鸿博股份
33,服务器指数,10,002261,拓维信息
33,服务器指数,10,002415,海康威视
33,服务器指数,10,002446,盛路通信
33,服务器指数,10,300025,华星创业
33,服务器指数,10,300115,长盈精密
33,服务器指数,10,300134,大富科技
33,服务器指数,10,300607,拓斯达
34,消费电子产业指数,12,000050,深天马A
34,消费电子产业指数,12,000988,华工科技
34,消费电子产业指数,12,002074,国轩高科
34,消费电子产业指数,12,002179,中航光电
34,消费电子产业指数,12,002229,鸿博股份
34,消费电子产业指数,12,002261,拓维信息
34,消费电子产业指数,12,002415,海康威视
34,消费电子产业指数,12,002446,盛路通信
34,消费电子产业指数,12,300025,华星创业
34,消费电子产业指数,12,300115,长盈精密
34,消费电子产业指数,12,300134,大富科技
34,消费电子产业指数,12,300371,汇中股份
35,机器视觉指数,9,000050,深天马A
35,机器视觉指数,9,000725,京东方A
35,机器视觉指数,9,000988,华工科技
35,机器视觉指数,9,002074,国轩高科
35,机器视觉指数,9,002179,中航光电
35,机器视觉指数,9,002229,鸿博股份
35,机器视觉指数,9,300115,长盈精密
35,机器视觉指数,9,300371,汇中股份
35,机器视觉指数,9,300607,拓斯达
36,AI AGENT(小龙虾）指数,7,002261,拓维信息
36,AI AGENT(小龙虾）指数,7,002415,海康威视
36,AI AGENT(小龙虾）指数,7,002446,盛路通信
36,AI AGENT(小龙虾）指数,7,300025,华星创业
36,AI AGENT(小龙虾）指数,7,300115,长盈精密
36,AI AGENT(小龙虾）指数,7,300134,大富科技
36,AI AGENT(小龙虾）指数,7,300607,拓斯达
37,MCU芯片指数,13,000050,深天马A
37,MCU芯片指数,13,000676,智度股份
37,MCU芯片指数,13,000725,京东方A
37,MCU芯片指数,13,002152,广电运通
37,MCU芯片指数,13,002179,中航光电
37,MCU芯片指数,13,002229,鸿博股份
37,MCU芯片指数,13,002463,沪电股份
37,MCU芯片指数,13,002654,万润科技
37,MCU芯片指数,13,600536,中国软件
37,MCU芯片指数,13,603019,中科曙光
37,MCU芯片指数,13,603927,中科软
37,MCU芯片指数,13,603985,恒润股份
37,MCU芯片指数,13,920808,曙光数创
38,英伟达产业链指数,31,000034,神州数码
38,英伟达产业链指数,31,000155,川能动力
38,英伟达产业链指数,31,000400,许继电气
38,英伟达产业链指数,31,000762,西藏矿业
38,英伟达产业链指数,31,000899,赣能股份
38,英伟达产业链指数,31,002192,融捷股份
38,英伟达产业链指数,31,002202,金风科技
38,英伟达产业链指数,31,002335,科华数据
38,英伟达产业链指数,31,002339,积成电子
38,英伟达产业链指数,31,002350,北京科锐
38,英伟达产业链指数,31,002460,赣锋锂业
38,英伟达产业链指数,31,002466,天齐锂业
38,英伟达产业链指数,31,002497,雅化集团
38,英伟达产业链指数,31,002518,科士达
38,英伟达产业链指数,31,002879,长缆科技
38,英伟达产业链指数,31,002929,润建股份
38,英伟达产业链指数,31,003816,中国广核
38,英伟达产业链指数,31,300017,网宿科技
38,英伟达产业链指数,31,300274,阳光电源
38,英伟达产业链指数,31,300617,安靠智电
38,英伟达产业链指数,31,600098,广州发展
38,英伟达产业链指数,31,600101,明星电力
38,英伟达产业链指数,31,600252,中恒集团
38,英伟达产业链指数,31,600406,国电南瑞
38,英伟达产业链指数,31,600875,东方电气
38,英伟达产业链指数,31,600979,广安爱众
38,英伟达产业链指数,31,601608,中信重工
38,英伟达产业链指数,31,601616,广电电气
38,英伟达产业链指数,31,603019,中科曙光
38,英伟达产业链指数,31,603050,科林电气
38,英伟达产业链指数,31,603927,中科软
39,射频及天线指数,9,000155,川能动力
39,射频及天线指数,9,000762,西藏矿业
39,射频及天线指数,9,002176,江特电机
39,射频及天线指数,9,002192,融捷股份
39,射频及天线指数,9,002240,盛新锂能
39,射频及天线指数,9,002466,天齐锂业
39,射频及天线指数,9,002738,中矿资源
39,射频及天线指数,9,002756,永兴材料
39,射频及天线指数,9,600499,科达制造
40,华为平台指数,25,000066,中国长城
40,华为平台指数,25,000408,藏格矿业
40,华为平台指数,25,000546,金圆股份
40,华为平台指数,25,000688,国城矿业
40,华为平台指数,25,000792,盐湖股份
40,华为平台指数,25,001203,大中矿业
40,华为平台指数,25,002074,国轩高科
40,华为平台指数,25,002176,江特电机
40,华为平台指数,25,002192,融捷股份
40,华为平台指数,25,002240,盛新锂能
40,华为平台指数,25,002407,多氟多
40,华为平台指数,25,002460,赣锋锂业
40,华为平台指数,25,002466,天齐锂业
40,华为平台指数,25,002497,雅化集团
40,华为平台指数,25,002580,圣阳股份
40,华为平台指数,25,002667,*ST威领
40,华为平台指数,25,002738,中矿资源
40,华为平台指数,25,002756,永兴材料
40,华为平台指数,25,300207,欣旺达
40,华为平台指数,25,300390,天华新能
40,华为平台指数,25,600338,西藏珠峰
40,华为平台指数,25,600478,科力远
40,华为平台指数,25,600773,西藏城投
40,华为平台指数,25,601168,西部矿业
40,华为平台指数,25,603399,永杉锂业
41,国产化创新指数,12,000933,神火股份
41,国产化创新指数,12,001283,豪鹏科技
41,国产化创新指数,12,002245,蔚蓝锂芯
41,国产化创新指数,12,002866,传艺科技
41,国产化创新指数,12,300438,鹏辉能源
41,国产化创新指数,12,300750,宁德时代
41,国产化创新指数,12,600152,维科技术
41,国产化创新指数,12,600328,中盐化工
41,国产化创新指数,12,600348,华阳股份
41,国产化创新指数,12,688063,派能科技
41,国产化创新指数,12,688707,振华新材
41,国产化创新指数,12,688778,厦钨新能
42,液冷服务器指数,10,002594,比亚迪
42,液冷服务器指数,10,002812,恩捷股份
42,液冷服务器指数,10,300014,亿纬锂能
42,液冷服务器指数,10,300037,新宙邦
42,液冷服务器指数,10,300073,当升科技
42,液冷服务器指数,10,300450,先导智能
42,液冷服务器指数,10,300769,德方纳米
42,液冷服务器指数,10,600549,厦门钨业
42,液冷服务器指数,10,603026,石大胜华
42,液冷服务器指数,10,603659,璞泰来
43,AI算力指数,2,603823,百合花
43,AI算力指数,2,688116,天奈科技
44,CPU,11,000066,中国长城
44,CPU,11,002156,通富微电
44,CPU,11,600246,万通发展
44,CPU,11,688008,澜起科技
44,CPU,11,688041,海光信息
44,CPU,11,688047,龙芯中科
44,CPU,11,688141,杰华特
44,CPU,11,688200,华峰测控
44,CPU,11,688347,华虹公司
44,CPU,11,688372,伟测科技
44,CPU,11,688981,中芯国际
45,MLCC,11,000636,风华高科
45,MLCC,11,002585,双星新材
45,MLCC,11,002859,洁美科技
45,MLCC,11,300184,力源信息
45,MLCC,11,300408,三环集团
45,MLCC,11,300975,商络电子
45,MLCC,11,301013,利和兴
45,MLCC,11,600367,红星发展
45,MLCC,11,603267,鸿远电子
45,MLCC,11,603678,火炬电子
45,MLCC,11,688260,昀冢科技
46,OCS,9,002222,福晶科技
46,OCS,9,002281,光迅科技
46,OCS,9,300456,赛微电子
46,OCS,9,300620,光库科技
46,OCS,9,688167,炬光科技
46,OCS,9,688195,腾景科技
46,OCS,9,688205,德科立
46,OCS,9,688400,凌云光
46,OCS,9,688582,芯动联科
47,OPENCLAW,12,002222,福晶科技
47,OPENCLAW,12,002338,奥普光电
47,OPENCLAW,12,300293,蓝英装备
47,OPENCLAW,12,301297,富乐德
47,OPENCLAW,12,301392,汇成真空
47,OPENCLAW,12,301421,波长光电
47,OPENCLAW,12,600619,海立股份
47,OPENCLAW,12,600895,张江高科
47,OPENCLAW,12,603297,永新光学
47,OPENCLAW,12,688010,福光股份
47,OPENCLAW,12,688448,磁谷科技
47,OPENCLAW,12,688502,茂莱光学
48,PCB,11,001389,广合科技
48,PCB,11,002384,东山精密
48,PCB,11,002436,兴森科技
48,PCB,11,002463,沪电股份
48,PCB,11,002916,深南电路
48,PCB,11,002938,鹏鼎控股
48,PCB,11,300476,胜宏科技
48,PCB,11,300903,科翔股份
48,PCB,11,600183,生益科技
48,PCB,11,600601,方正科技
48,PCB,11,603228,景旺电子
49,SOFC,9,000338,潍柴动力
49,SOFC,9,002733,雄韬股份
49,SOFC,9,002911,佛燃能源
49,SOFC,9,300408,三环集团
49,SOFC,9,601139,深圳燃气
49,SOFC,9,688021,奥福科技
49,SOFC,9,688339,亿华通
49,SOFC,9,688733,壹石通
49,SOFC,9,688737,中自科技
50,储能,9,002150,正泰电源
50,储能,9,300274,阳光电源
50,储能,9,300438,鹏辉能源
50,储能,9,300693,盛弘股份
50,储能,9,300827,上能电气
50,储能,9,605117,德业股份
50,储能,9,688390,固德威
50,储能,9,688411,海博思创
50,储能,9,688472,阿特斯
51,光模块CPO,11,001267,汇绿生态
51,光模块CPO,11,002281,光迅科技
51,光模块CPO,11,002384,东山精密
51,光模块CPO,11,002796,世嘉科技
51,光模块CPO,11,300308,中际旭创
51,光模块CPO,11,300394,天孚通信
51,光模块CPO,11,300502,新易盛
51,光模块CPO,11,300757,罗博特科
51,光模块CPO,11,688167,炬光科技
51,光模块CPO,11,688205,德科立
51,光模块CPO,11,688498,源杰科技
52,光纤,9,000070,特发信息
52,光纤,9,000890,法尔胜
52,光纤,9,002491,通鼎互联
52,光纤,9,600105,永鼎股份
52,光纤,9,600487,亨通光电
52,光纤,9,600498,烽火通信
52,光纤,9,600522,中天科技
52,光纤,9,601869,长飞光纤
52,光纤,9,603618,杭电股份
53,农业,8,000930,中粮科技
53,农业,8,000998,隆平高科
53,农业,8,002041,登海种业
53,农业,8,002637,赞宇科技
53,农业,8,300087,荃银高科
53,农业,8,600598,北大荒
53,农业,8,601118,海南橡胶
53,农业,8,601952,苏垦农发
54,功率半导体,13,002079,苏州固锝
54,功率半导体,13,002484,江海股份
54,功率半导体,13,300373,扬杰科技
54,功率半导体,13,600460,士兰微
54,功率半导体,13,600703,三安光电
54,功率半导体,13,603290,斯达半导
54,功率半导体,13,605111,新洁能
54,功率半导体,13,605358,立昂微
54,功率半导体,13,688187,时代电气
54,功率半导体,13,688234,天岳先进
54,功率半导体,13,688261,东微半导
54,功率半导体,13,688396,华润微
54,功率半导体,13,688711,宏微科技
55,半导体设备材料,18,002371,北方华创
55,半导体设备材料,18,002409,雅克科技
55,半导体设备材料,18,003031,中瓷电子
55,半导体设备材料,18,300285,国瓷材料
55,半导体设备材料,18,300567,精测电子
55,半导体设备材料,18,300604,长川科技
55,半导体设备材料,18,301611,珂玛科技
55,半导体设备材料,18,301629,矽电股份
55,半导体设备材料,18,603061,金海通
55,半导体设备材料,18,603929,亚翔集成
55,半导体设备材料,18,688012,中微公司
55,半导体设备材料,18,688037,芯源微
55,半导体设备材料,18,688072,拓荆科技
55,半导体设备材料,18,688200,华峰测控
55,半导体设备材料,18,688419,耐科装备
55,半导体设备材料,18,688627,精智达
55,半导体设备材料,18,688652,京仪装备
55,半导体设备材料,18,688809,强一股份
56,半导体零部件,8,300260,新莱应材
56,半导体零部件,8,301611,珂玛科技
56,半导体零部件,8,600641,先导基电
56,半导体零部件,8,688409,富创精密
56,半导体零部件,8,688596,正帆科技
56,半导体零部件,8,688652,京仪装备
56,半导体零部件,8,688785,恒运昌
56,半导体零部件,8,688797,臻宝科技
57,华为昇腾,12,000034,神州数码
57,华为昇腾,12,000628,高新发展
57,华为昇腾,12,002261,拓维信息
57,华为昇腾,12,002843,泰嘉股份
57,华为昇腾,12,002897,意华股份
57,华为昇腾,12,301236,软通动力
57,华为昇腾,12,600410,华胜天成
57,华为昇腾,12,600498,烽火通信
57,华为昇腾,12,600839,四川长虹
57,华为昇腾,12,688372,伟测科技
57,华为昇腾,12,688519,南亚新材
57,华为昇腾,12,688629,华丰科技
58,变压器,11,000400,许继电气
58,变压器,11,002028,思源电气
58,变压器,11,002112,三变科技
58,变压器,11,002270,华明装备
58,变压器,11,002885,京泉华
58,变压器,11,002922,伊戈尔
58,变压器,11,600089,特变电工
58,变压器,11,600312,平高电气
58,变压器,11,601126,四方股份
58,变压器,11,601179,中国西电
58,变压器,11,688676,金盘科技
59,哈勃,9,301629,矽电股份
59,哈勃,9,688048,长光华芯
59,哈勃,9,688141,杰华特
59,哈勃,9,688182,灿勤科技
59,哈勃,9,688234,天岳先进
59,哈勃,9,688515,裕太微
59,哈勃,9,688629,华丰科技
59,哈勃,9,688790,昂瑞微
59,哈勃,9,688809,强一股份
60,国产IDC,15,001339,智微智能
60,国产IDC,15,001896,豫能控股
60,国产IDC,15,300137,先河环保
60,国产IDC,15,300442,润泽科技
60,国产IDC,15,300846,首都在线
60,国产IDC,15,300857,协创数据
60,国产IDC,15,300911,亿田智能
60,国产IDC,15,301189,奥尼电子
60,国产IDC,15,301248,杰创智能
60,国产IDC,15,301396,宏景科技
60,国产IDC,15,600589,大位科技
60,国产IDC,15,603629,利通电子
60,国产IDC,15,603881,数据港
60,国产IDC,15,688158,优刻得-W
60,国产IDC,15,688316,青云科技-U
61,国产光刻机,12,002222,福晶科技
61,国产光刻机,12,002338,奥普光电
61,国产光刻机,12,300293,蓝英装备
61,国产光刻机,12,301297,富乐德
61,国产光刻机,12,301392,汇成真空
61,国产光刻机,12,301421,波长光电
61,国产光刻机,12,600619,海立股份
61,国产光刻机,12,600895,张江高科
61,国产光刻机,12,603297,永新光学
61,国产光刻机,12,688010,福光股份
61,国产光刻机,12,688448,磁谷科技
61,国产光刻机,12,688502,茂莱光学
62,存储,13,001309,德明利
62,存储,13,002654,万润科技
62,存储,13,300302,同有科技
62,存储,13,300475,香农芯创
62,存储,13,300806,斯迪克
62,存储,13,300857,协创数据
62,存储,13,301308,江波龙
62,存储,13,603986,兆易创新
62,存储,13,688008,澜起科技
62,存储,13,688110,东芯股份
62,存储,13,688416,恒烁股份
62,存储,13,688525,佰维存储
62,存储,13,688766,普冉股份
63,对日替代,36,002407,多氟多
63,对日替代,36,002409,雅克科技
63,对日替代,36,002430,杭氧股份
63,对日替代,36,002971,和远气体
63,对日替代,36,300054,鼎龙股份
63,对日替代,36,300263,隆华科技
63,对日替代,36,300346,南大光电
63,对日替代,36,300398,飞凯材料
63,对日替代,36,300576,容大感光
63,对日替代,36,300655,晶瑞电材
63,对日替代,36,300666,江丰电子
63,对日替代,36,300706,阿石创
63,对日替代,36,301045,天禄科技
63,对日替代,36,301611,珂玛科技
63,对日替代,36,600063,皖维高新
63,对日替代,36,600135,乐凯胶片
63,对日替代,36,600141,兴发集团
63,对日替代,36,600160,巨化股份
63,对日替代,36,600206,有研新材
63,对日替代,36,600367,红星发展
63,对日替代,36,600378,昊华科技
63,对日替代,36,603078,江化微
63,对日替代,36,603181,皇马科技
63,对日替代,36,603650,彤程新材
63,对日替代,36,603931,格林达
63,对日替代,36,605358,立昂微
63,对日替代,36,688019,安集科技
63,对日替代,36,688106,金宏气体
63,对日替代,36,688126,沪硅产业
63,对日替代,36,688138,清溢光电
63,对日替代,36,688146,中船特气
63,对日替代,36,688268,华特气体
63,对日替代,36,688401,路维光电
63,对日替代,36,688535,华海诚科
63,对日替代,36,688596,正帆科技
63,对日替代,36,688720,艾森股份
64,小金属,16,000510,新金路
64,小金属,16,000629,钒钛股份
64,小金属,16,000751,锌业股份
64,小金属,16,000960,锡业股份
64,小金属,16,000962,东方钽业
64,小金属,16,002428,云南锗业
64,小金属,16,600301,华锡有色
64,小金属,16,600456,宝钛股份
64,小金属,16,600459,贵研铂业
64,小金属,16,600497,驰宏锌锗
64,小金属,16,600549,厦门钨业
64,小金属,16,601061,中信金属
64,小金属,16,601958,金钼股份
64,小金属,16,603505,金石资源
64,小金属,16,603663,三祥新材
64,小金属,16,688480,赛恩斯
65,机器人,21,000559,万向钱潮
65,机器人,21,000700,模塑科技
65,机器人,21,002050,三花智控
65,机器人,21,300115,长盈精密
65,机器人,21,300421,力星股份
65,机器人,21,300953,震裕科技
65,机器人,21,301196,唯科科技
65,机器人,21,301225,恒勃股份
65,机器人,21,301529,福赛科技
65,机器人,21,301550,斯菱智驱
65,机器人,21,601100,恒立液压
65,机器人,21,601689,拓普集团
65,机器人,21,603037,凯众股份
65,机器人,21,603040,新坐标
65,机器人,21,603119,浙江荣泰
65,机器人,21,603179,新泉股份
65,机器人,21,603286,日盈电子
65,机器人,21,603667,五洲新春
65,机器人,21,603730,岱美股份
65,机器人,21,603926,铁流股份
65,机器人,21,688698,伟创电气
66,核聚变,10,002639,雪人集团
66,核聚变,10,002735,王子新材
66,核聚变,10,600105,永鼎股份
66,核聚变,10,600353,旭光电子
66,核聚变,10,600363,联创光电
66,核聚变,10,601611,中国核建
66,核聚变,10,601727,上海电气
66,核聚变,10,603011,合锻智能
66,核聚变,10,603169,兰石重装
66,核聚变,10,688776,国光电气
67,洁净室,5,301235,华康洁净
67,洁净室,5,601133,柏诚股份
67,洁净室,5,603163,圣晖集成
67,洁净室,5,603929,亚翔集成
67,洁净室,5,688376,美埃科技
68,液冷,12,002536,飞龙股份
68,液冷,12,002600,领益智造
68,液冷,12,002837,英维克
68,液冷,12,300128,锦富技术
68,液冷,12,300602,飞荣达
68,液冷,12,300731,科创新源
68,液冷,12,300990,同飞股份
68,液冷,12,301018,申菱环境
68,液冷,12,301086,鸿富瀚
68,液冷,12,301123,奕东电子
68,液冷,12,301489,思泉新材
68,液冷,12,603090,宏盛股份
69,燃机,7,000534,万泽股份
69,燃机,7,002353,杰瑞股份
69,燃机,7,002478,常宝股份
69,燃机,7,301468,博盈特焊
69,燃机,7,600875,东方电气
69,燃机,7,603308,应流股份
69,燃机,7,605060,联德股份
70,玻璃基板,10,000725,京东方A
70,玻璃基板,10,300323,华灿光电
70,玻璃基板,10,300776,帝尔激光
70,玻璃基板,10,301188,力诺药包
70,玻璃基板,10,600707,彩虹股份
70,玻璃基板,10,688079,美迪凯
70,玻璃基板,10,688531,日联科技
70,玻璃基板,10,688630,芯碁微装
70,玻璃基板,10,688700,东威科技
70,玻璃基板,10,920438,戈碧迦
71,电力电子,8,000636,风华高科
71,电力电子,8,002364,中恒电气
71,电力电子,8,002484,江海股份
71,电力电子,8,300408,三环集团
71,电力电子,8,600563,法拉电子
71,电力电子,8,601126,四方股份
71,电力电子,8,603115,海星股份
71,电力电子,8,688234,天岳先进
72,电子布,8,001359,平安电工
72,电子布,8,002080,中材科技
72,电子布,8,300395,菲利华
72,电子布,8,301526,国际复材
72,电子布,8,600176,中国巨石
72,电子布,8,603256,宏和科技
72,电子布,8,605006,山东玻纤
72,电子布,8,688150,莱特光电
73,电网,12,000601,韶能股份
73,电网,12,000682,东方电子
73,电网,12,001896,豫能控股
73,电网,12,002015,协鑫能科
73,电网,12,300513,恒实科技
73,电网,12,301162,国能日新
73,电网,12,301638,南网数字
73,电网,12,600406,国电南瑞
73,电网,12,600452,涪陵电力
73,电网,12,600821,金开新能
73,电网,12,601868,中国能建
73,电网,12,688248,南网科技
74,航天,18,001270,*ST铖昌
74,航天,18,002046,国机精工
74,航天,18,002149,西部材料
74,航天,18,002792,通宇通讯
74,航天,18,300102,乾照光电
74,航天,18,300136,信维通信
74,航天,18,300503,昊志机电
74,航天,18,300751,迈为股份
74,航天,18,301005,超捷股份
74,航天,18,301232,飞沃科技
74,航天,18,301306,西测测试
74,航天,18,600118,中国卫星
74,航天,18,600343,航天动力
74,航天,18,600498,烽火通信
74,航天,18,600552,凯盛科技
74,航天,18,600879,航天电子
74,航天,18,688270,ST臻镭
74,航天,18,688333,铂力特
75,苹果折叠屏,2,300328,宜安科技
75,苹果折叠屏,2,688210,统联精密
76,量子科技,8,000555,神州信息
76,量子科技,8,002017,东信和平
76,量子科技,8,002054,德美化工
76,量子科技,8,300520,科大国创
76,量子科技,8,600131,国网信通
76,量子科技,8,688027,国盾量子
76,量子科技,8,688262,国芯科技
76,量子科技,8,688622,禾信仪器
77,钠离子,13,002580,圣阳股份
77,钠离子,13,002733,雄韬股份
77,钠离子,13,002866,传艺科技
77,钠离子,13,300035,中科电气
77,钠离子,13,300174,元力股份
77,钠离子,13,300438,鹏辉能源
77,钠离子,13,300586,美联新材
77,钠离子,13,300758,七彩化学
77,钠离子,13,300890,翔丰华
77,钠离子,13,600152,维科技术
77,钠离子,13,600348,华阳股份
77,钠离子,13,688005,容百科技
77,钠离子,13,688707,振华新材
78,钨产业链,7,000657,中钨高新
78,钨产业链,7,002378,章源钨业
78,钨产业链,7,301377,鼎泰高科
78,钨产业链,7,600549,厦门钨业
78,钨产业链,7,688059,华锐精密
78,钨产业链,7,688257,新锐股份
78,钨产业链,7,688308,欧科亿
79,铜连接,10,002130,沃尔核材
79,铜连接,10,002475,立讯精密
79,铜连接,10,300563,神宇股份
79,铜连接,10,300679,电连技术
79,铜连接,10,300863,卡倍亿
79,铜连接,10,300913,兆龙互连
79,铜连接,10,600577,精达股份
79,铜连接,10,605277,新亚电子
79,铜连接,10,688668,鼎通科技
79,铜连接,10,688800,瑞可达
80,锂电池材料,11,001301,尚太科技
80,锂电池材料,11,002407,多氟多
80,锂电池材料,11,002709,天赐材料
80,锂电池材料,11,002759,天际股份
80,锂电池材料,11,002812,恩捷股份
80,锂电池材料,11,301292,海科新源
80,锂电池材料,11,301358,湖南裕能
80,锂电池材料,11,603026,石大胜华
80,锂电池材料,11,603659,璞泰来
80,锂电池材料,11,603978,深圳新星
80,锂电池材料,11,688353,华盛锂电
81,锂矿,14,000408,藏格矿业
81,锂矿,14,000688,国城矿业
81,锂矿,14,000762,西藏矿业
81,锂矿,14,000792,盐湖股份
81,锂矿,14,001203,大中矿业
81,锂矿,14,002176,江特电机
81,锂矿,14,002240,盛新锂能
81,锂矿,14,002460,赣锋锂业
81,锂矿,14,002466,天齐锂业
81,锂矿,14,002497,雅化集团
81,锂矿,14,002738,中矿资源
81,锂矿,14,002756,永兴材料
81,锂矿,14,300390,天华新能
81,锂矿,14,603799,华友钴业
